<?xml version="1.0" encoding="UTF-8" standalone="yes"?>
<addon id="repository.DiamanteREPO" name="Diamante Repo" version="1.0" provider-name="Herco">
    <extension point="xbmc.addon.repository" name="Nome Repository">
        <dir>
            <info compressed="false">https://raw.githubusercontent.com/DiamanteRepo/DiamanteREPO#hi-there-/master/zips/addons.xml</info>
            <checksum>https://raw.githubusercontent.com/DiamanteRepo/DiamanteREPO#hi-there-/master/zips/addons.xml.md5</checksum>
            <datadir zip="true">https://raw.githubusercontent.com/DiamanteRepo/DiamanteREPO#hi-there-/master/zips/</datadir>
        </dir>
    </extension>
    <extension point="xbmc.addon.metadata">
        <summary>Repo Diamante</summary>
        <description>Melhor Repositorio de FIlmes Series e Desenhos</description>
        <disclaimer></disclaimer>
        <platform>all</platform>
        <assets>
            <icon>icon.png</icon>
            <fanart>fanart.jpg</fanart>
        </assets>
    </extension>
</addon>